name,categoryid,adress,placeUrl,location_x,location_y,phone
가나안농장,EXP,충청남도 예산군 오가면 오촌리 318,http://www.cnafarm.com,126.8002577,36.7107201,041-334-5447
가래여울텃밭,WKND,서울특별시 강동구 강일동 138-21,,127.169543,37.57723246,
가을빛농원,EXP,경상북도 포항시 북구 신광면 비학로519번길 137-42,http://www.appleme.co.kr,129.2432062,36.10190348,010-8008-4204
감귤체험농장,EXP,제주특별자치도 제주시 봉개동 1405,http://www.ejejufarm.com,126.6019988,33.48737372,
강감찬텃밭,WKND,서울특별시 관악구 낙성대동 259-1,,126.9574109,37.47101604,
강남친환경도시텃밭,WKND,서울특별시 강남구 수서동 370,,127.0923545,37.49120752,
강북 도시농업 체험장,WKND,서울특별시 강북구 수유동 599,,127.0032464,37.64553884,
강일텃밭,WKND,서울특별시 강동구 강일동 33-3,,127.1752164,37.57835948,
강화도자연체험농장,EXP,인천 강화군 길상면 해안남로 331,https://blog.naver.com/gnfarm,126.5181399,37.60773149,010-5378-2279
고덕주말농장,WKND,서울특별시 강동구 고덕동 479,,127.1554586,37.56347331,
곡천마을푸른체험농장,EXP,전라북도 전주시 덕진구 화전동 1158,http://www.junjumall.com,127.0336536,35.88703749,063-211-9954
광장동텃밭,WKND,서울특별시 광진구 광장동 582-3,,127.0992923,37.54445987,
광주농협주말농장,WKND,광주 북구 석곡로 303,http://www.happyfarm.net,126.9569706,35.18754812,
궁동1구역,WKND,서울특별시 구로구 궁동 4,,126.8286469,37.50591573,
궁동2구역,WKND,서울특별시 구로구 궁동 53-2,,126.8267681,37.50092884,
궁동3구역,WKND,서울특별시 구로구 궁동 70-1,,126.8245064,37.50175181,
궁동3구역,WKND,서울특별시 구로구 궁동 70-1,,126.8245064,37.50175181,
궁동4구역,WKND,서울특별시 구로구 궁동 125,,126.8323017,37.50181072,
궁동5구역,WKND,서울특별시 구로구 궁동 62,,126.8258318,37.50310355,
궁동6구역,WKND,서울특별시 구로구 궁동 59,,126.8262114,37.50241929,
금곡팜스테이,EXP,광주 북구 금곡동 235,http://gumgok.cafe24.com,126.9967223,35.17040366,
금정농장,WKND,서울특별시 송파구 방이동 440-8,,127.1383649,37.51288271,
금정알밤농원,EXP,충청남도 공주시 정안면 전평리 64,http://kumjung.puruemi.com,127.1106344,36.5618476,041-852-6763
금천친환경주말농장,WKND,경기도 광명시 하안동 332,,126.8690212,37.45804182,
길동자연생태공원,EXP,서울특별시 강동구 길동 476,http://parks.seoul.go.kr/gildong,127.1550557,37.54051971,02-472-2770
길동텃밭,WKND,서울특별시 강동구 길동 36-2,,127.1508316,37.54101583,
꼭지농원,EXP,경상북도 영주시 대학로 148-1,http://www.appleking.co.kr,128.6093442,36.80982878,0507-1347-0924
꽃초롱텃밭,WKND,서울특별시 서초구 내곡동 287,,127.0630762,37.46055892,
꿈이닿은농장,WKND,서울특별시 강서구 오쇠동 104-2,,126.7895226,37.54479584,
꿈팜,EXP,경기도 고양시 덕양구 선유동 166,http://timeinn.blog.me/,126.9136007,37.69884424,010-4593-3207
나룻배마을,EXP,경기도 연천군 왕징면 북삼리 160-4,http://www.narubea.kr,127.0044267,38.09539055,031-833-5005
낙산배농원,EXP,강원도 양양군 양양읍 안산1길 41,http://www.naksanbe.pe.kr,128.6308603,38.07286502,010-4283-2264
낙성대텃밭,WKND,서울특별시 관악구 낙성대동 231-2,,126.959119,37.47034123,
늘푸른주말농장,WKND,서울특별시 도봉구 도봉동 382-1,,127.0425241,37.69290501,
다감농원,EXP,경상남도 창원시 의창구 대산면 진산대로505번길 51-17,ttp://www.idangam.co.kr,128.704436,35.34475674,0507-1320-4829
다사농협주말농장,WKND,대구 달성군 다사읍 문양리 677,http://www.dasanonghyup.com,128.4304776,35.86756358,
다선관광농원,WKND,충청남도 논산시 벌곡면 수락로 855-18,http://www.daseonfarm.com,127.2681686,36.19356392,041-733-7924
단비네,WKND,서울특별시 도봉구 도봉동 431-5,,127.0359573,37.67981211,
달동농원,WKND,대구 동구 미대동 375-2,http://www.daldong.co.kr,128.6655311,35.95462475,
달하산농장,EXP,충청남도 부여군 외산면 조령서로 110-55,http://dalhasan.puruemi.com,126.7355902,36.32194573,010-3433-5724
대가농원,EXP,경기도 남양주시 조안면 다산로761번길 15,http://www.daega620.co.kr,127.2995166,37.51533387,010-2225-6641
대산농원,WKND,서울특별시 중랑구 신내동 774-2,,127.0870785,37.61303814,
대야농장,WKND,경북 김천시 부항면 대야길 44-109,http://www.daeyablueberry.com,127.9254336,36.01559537,054-437-1032
대원농장,WKND,서울특별시 서초구 원지동 227,http://daewonfarm.modoo.at,127.0475583,37.45208117,010-5497-4187
대훈농원(배나무),WKND,서울특별시 중랑구 신내동 256-2,,127.107679,37.62027586,
덕천강자연딸기작목반,EXP,경상남도 진주시 수곡면 원창길 246-3,http://www.덕천강.kr/,127.9343481,35.1745659,055-754-4737
도덕봉농원 한방이,EXP,충북 옥천군 이원면 건진3길 72-5,http://www.peachland.co.kr,127.6094241,36.24932412,043-732-2178
도봉동 공동체 나눔텃밭,WKND,서울특별시 도봉구 도봉동 194-31,,127.0421628,37.68257867,
도봉산초원주말농장,WKND,서울특별시 도봉구 도봉동 380,http://blog.naver.com/limte3000/,127.0427399,37.69354498,010-6255-1829
둔굴주말농장,WKND,서울특별시 송파구 방이동 433-3,,127.140614,37.51720719,
둔촌텃밭농원,WKND,서울특별시 강동구 둔촌동 125-1,,127.1444744,37.52473172,
들산에체험장,EXP,경기도 성남시 분당구 하산운동 301,http://www.dsj.co.kr,127.0795061,37.38834777,031-701-7175
딸기따따따,EXP,경상남도 밀양시 상남면 평촌리 1501,http://www.ddalkidda.com,128.7802507,35.43167657,0507-1496-4993
리을농산,EXP,충청북도 충주시 노은면 법동리 47,http://www.mushrae.com,127.6993499,37.04249927,043-853-6999
만세동,WKND,서울특별시 도봉구 도봉동 543,,127.0219494,37.67527388,
만우농촌체험마을,WKND,강원도 동해시 만우동 58-9,http://www.manwoo.or.kr,129.0754805,37.56317322,033-534-3224
무수골주말농장,WKND,서울특별시 도봉구 도봉동 469-4,http://hanhome.jinbo.net/,127.0332753,37.67738462,02-954-0329
문래동 공공공지 도시텃밭,WKND,서울특별시 영등포구 문래동3가 55-6,,126.8987094,37.51771505,
반딧불주말농장,WKND,대구 달성군 가창면 헐티로5길 109,http://www.bandifarm.com,128.5683861,35.74535396,0507-1401-6550
발방농원,EXP,전라북도 장수군 장수읍 두산리 산69-4,http://www.bbfarm.co.kr/,127.5244812,35.62287391,063-351-7001
배랑농원,EXP,충청남도 공주시 사곡면 신영리 7-12,http://www.verang.co.kr,127.0474963,36.4803696,
별빛농장,EXP,경상남도 합천군 야로면 나대리 655-5,http://www.star-farm.com,128.1703127,35.74467147,055-931-7279
별빛농장,WKND,경상남도 합천군 야로면 나대리 655-5,http://www.star-farm.com,128.1703127,35.74467147,055-931-7279
보람이농장,EXP,경북 김천시 금감로 720-14,http://www.boramfarm.net,128.1358604,35.9950933,
보리나라학원농장,EXP,전라북도 고창군 공음면 학원농장길 154,http://www.borinara.co.kr,126.5428999,35.37533761,063-564-9897
북한산솔밭농장,WKND,서울특별시 은평구 진관동 272-3,,126.9473434,37.6544657,010-6209-4757
분토농협주말농장,WKND,광주 북구 석곡로 303,http://www.buntofarm.com,126.9569706,35.18754812,010-3607-4021
사가정주말농장,WKND,서울특별시 중랑구 면목동 518-1,https://cafe.naver.com/youngmamountainfarm,127.0986209,37.58193727,0507-1481-5159
산뜰농원,EXP,경기도 남양주시 수동면 외방리 304-16,http://www.sanddl.com,127.3087433,37.75705272,010-8922-6565
산촌농원,EXP,경기도 여주군 금사면 상호리 142,http://sanghori.puruemi.com,127.4752377,37.40946787,031-886-9763
삼연주말농장,WKND,광주 광산구 석문길 62,http://www.syfarm.ze.to,126.6867714,35.13254921,0507-1409-4316
삼훈포도농원,EXP,경기 양주시 장흥면 삼하리 384-12,http://cafe.naver.com/3hoon,126.9205452,37.68669045,031-876-7764
상계주말농장,WKND,서울특별시 노원구 상계동 127-3,,127.0694952,37.6679506,
상수허브랜드,EXP,충북 청주시 서원구 남이면 부용외천길 18,http://www.herbland.co.kr,127.4262797,36.52995767,043-277-6633
상암두레텃밭,WKND,서울특별시 마포구 상암동 1691,,126.8872429,37.57749587,
상일텃밭,WKND,서울특별시 강동구 상일동 12,,127.1822644,37.54814415,
새만골농장,EXP,충청남도 부여군 외산면 만수로주암길 20-6,http://www.saemangol.com,126.7269481,36.343708,041-833-5687
샘골농장,WKND,서울특별시 도봉구 방학동 534,,127.0206902,37.65929581,
샛터농장,EXP,전남 곡성군 옥과면 소룡길 256-50,http://www.ybapple.com/,127.1655886,35.29610693,061-362-5907
서림동텃밭,WKND,서울특별시 관악구 서림동 143-1,,126.9483876,37.46872162,
서전농원,EXP,경기도 용인시 처인구 원삼면 좌항리 산 34-20,http://cafe.daum.net/kyj7004,127.319496,37.20664033,010-7594-5579
성동 무지개텃밭,WKND,서울특별시 성동구 행당동 76-3,,127.0407346,37.55348551,
성사동농장,WKND,경기도 고양시 덕양구 성사동 617-3,,126.8461337,37.66469782,
성심농원,WKND,서울특별시 서초구 원지동 560-2,,127.0622292,37.43665626,
성현동텃밭,WKND,서울특별시 관악구 성현동 495-45,,126.9475821,37.48769751,
세대공감 텃밭,WKND,서울특별시 도봉구 창동 산177,,127.047927,37.64314378,
소뿔농장,EXP,경기 양평군 양서면 양수리 733-4,http://www.sobbul.com,127.3123012,37.53329796,010-4045-9628
소석마을팜스테이,EXP,경남 양산시 상북면 공원로1길 35,http://www.sosukfarm.com,129.0493926,35.41825194,055-374-1112
솔이텃밭,WKND,서울특별시 송파구 방이동 444-17,,127.138938,37.50843604,
송파산골주말농장,WKND,서울특별시 송파구 방이동 436-59,http://www.songpasangol.com/,127.1397725,37.51386278,010-4500-2754
수수농원,EXP,경상북도 의성군 금성면 금학산길 99,http://www.osusu.co.kr,128.6974508,36.26411645,
수안산생태원,EXP,경기도 김포시 대곶면 율생리 220-2,http://www.suansan.com,126.5945926,37.64094564,031-989-4547
수역이농장,WKND,경기도 고양시 덕양구 성사동 604-3,,126.8486732,37.66395997,
시골농원 진영단감,EXP,경상남도 김해시 진례면 서부로 978-92,http://www.ckdangam.co.kr,128.7728333,35.21982505,010-2523-4940
신영이네 달팽이농장,EXP,경기도 용인시 처인구 모현면 일산리 245-2,http://www.snailery.com,127.2361647,37.34033939,031-333-3464
신율농장,EXP,충청남도 공주시 정안면 고잿골길 102,http://www.albam.co.kr,127.1088183,36.59830286,041-858-6242
신정자연텃밭농원,WKND,서울특별시 양천구 신월동 728-10,,126.8253922,37.5098267,
신트리공원 자원순환텃밭,WKND,서울특별시 양천구 신정동 310-7,,126.8564792,37.51459833,
신흥텃밭,WKND,서울특별시 서초구 내곡동 1-247,,127.0832339,37.45893154,
실미원농장,WKND,인천 중구 큰무리로 23,http://www.silmiwon.net,126.4113167,37.40328233,032-752-7600
심사랑농원,WKND,강원 춘천시 남면 박암관천길 32,http://www.insam6.co.kr,127.5702659,37.73852928,
쌍문동 친환경 나눔텃밭,WKND,서울특별시 도봉구 쌍문동 442-1,,127.0191815,37.6514072,
아로마허브동산,EXP,강원도 홍천군 화촌면 장평리 923,http://www.aromaherb.co.kr,128.0573279,37.75880159,033-433-9685
아산종합농장,EXP,충청남도 아산시 영인면 아산리 355-1,http://www.silkfarm.co.kr,126.949315,36.85746031,041-542-6029
아차산텃밭,WKND,서울특별시 광진구 광장동 378,,127.1012423,37.54939725,
아침농장,WKND,충청남도 예산군 신양면 여래미리 381-2,http://www.morningapple.co.kr,126.8776912,36.57681798,041-333-7513
안골텃밭,WKND,서울특별시 서초구 내곡동 305,,127.0637612,37.46193096,
안양천도시농업체험장,WKND,서울특별시 금천구 독산동 719-5,,126.8901356,37.45909964,
안현동농장,WKND,경기도 시흥시 안현동 35,,126.8194054,37.43195472,02-2619-0123
알밤농장,EXP,경기도 양평군 강하면 동오리 166-2,http://abfarm.cafe24.com,127.3985933,37.46213572,010-5147-4220
암사가족농원,WKND,서울특별시 강동구 암사동 380-2,,127.1381075,37.55800822,
암사텃밭,WKND,서울특별시 강동구 암사동 603-3,,127.1259855,37.55500334,
양반골농원,WKND,충청남도 공주시 우성면 작골길 54-6,http://www.ybfarm.co.kr,127.0661429,36.45340687,
양수가정농장,WKND,경기 양평군 양서면 부용리 647-3,https://yeyak.seoul.go.kr/reservation/view.web?rsvsvcid=S210201121440492019,127.3386711,37.55032706,0507-1413-8119
양천1마당텃밭,WKND,서울특별시 양천구 신월동 350-35,,126.8277727,37.51749809,
양천2마당텃밭,WKND,서울특별시 양천구 신월동 350-31,,126.8323433,37.51580256,
양천도시농업공원,WKND,서울특별시 양천구 신월동 산174-1,,126.8261558,37.51273141,
양평들꽃수목원,EXP,경기도 양평군 양평읍 오빈리 210-37,http://www.nemunimo.co.kr,127.4713337,37.50162026,031-772-1800
어린농부딸기체험농장,EXP,경기도 양평군 양서면 양수리 740-6,http://www.kidfarmer.kr,127.314022,37.5355467,031-771-1653
얼음골 꿀사과농장,EXP,경상남도 밀양시 산내면 임고정1길 10-3,http://www.hanahome.net/apple,128.8783187,35.56975908,055-352-6148
염곡텃밭농장,WKND,서울특별시 서초구 염곡동 26,,127.0568985,37.46167727,
영이네주말농장,WKND,서울특별시 도봉구 방학동 533-3,,127.0211787,37.65954901,
예일주말농장,WKND,경기 고양시 덕양구 용두동 432-332,http://www.yalefarm.co.kr,126.8970678,37.62696125,019-320-0472
예진농원,WKND,충청남도 예산군 오가면 분천리 산55-5,http://www.applebang.com,126.768534,36.70247608,041-531-1283
옛골텃밭농원,WKND,서울특별시 서초구 신원동 44-2,,127.0665157,37.43467266,
오곡텃밭,WKND,서울특별시 강서구 오곡동 417-2,,126.7798261,37.55737289,
오색허브농원,EXP,강원도 양양군 서면 가라피리 9-1,http://www.osaekherb.co.kr,128.5382434,38.07048812,033-672-0462
오지팜,WKND,충청남도 당진시 합덕읍 재오지로 82,http://www.ojifarm.co.kr,126.7247557,36.80114614,010-2394-6549
오체향마을,EXP,경남 창원시 의창구 북면 지개리 554-7,http://www.ochehyang.com,128.6183591,35.28840035,055-255-9380
올림픽주말농장,WKND,서울특별시 송파구 방이동 444-18,,127.1385232,37.50884376,
용이네농장,EXP,경상북도 구미시 무을면 무수리 355,http://www.song2e.com,128.1935548,36.28414858,010-6397-7599
우리농원,WKND,서울특별시 송파구 방이동 436-18,,127.1407061,37.51415223,
우리주말농장,WKND,서울 송파구 방이동 435-22,http://www.woori-farm.com,127.1442681,37.51572889,0507-1307-4962
우리토마토농장,EXP,부산 강서구 대저2동 4144,http://www.tomoto.co.kr,128.9410065,35.15509617,051-941-6956
원평허브농원,EXP,경기 화성시 매송면 매봉로 40-16,https://www.instagram.com/wonpyeong_herbsfarm/,126.922557,37.2459667,031-294-0088
원흥역농장,WKND,경기도 고양시 덕양구 원흥동 119-1,,126.8744117,37.65496924,
월드컵공원,EXP,서울특별시 마포구 상암동 481-6,http://worldcuppark.seoul.go.kr,126.878425,37.57089692,02-300-5500
웰빙주말농장,WKND,서울특별시 도봉구 도봉동 468,,127.0332718,37.67696568,
유성농장체험,EXP,충청남도 천안시 동남구 북면 납안리 278-1,http://cafe.daum.net/ysfarm,127.2525306,36.85748466,041-553-3120
유한농원,WKND,서울특별시 양천구 신월동 160-2,,126.8279822,37.5347691,
율봄농업예술원,EXP,경기도 광주시 퇴촌면 도마리 102-3,http://www.yulbom.co.kr,127.2704036,37.47002106,031-798-3119
이화농원,WKND,서울특별시 중랑구 신내동 779-3,,127.0896839,37.6139801,
이화농장,WKND,충청남도 천안시 서북구 성환읍 율금리 768,http://cafe.daum.net/ehwafarm,127.0974372,36.90074309,041-581-2826
이화팜,WKND,서울특별시 중랑구 신내동 780-2,http://blog.naver.com/soja9090,127.0894254,37.61085274,0507-1432-0009
일자산텃밭,WKND,서울특별시 강동구 둔촌동 599,,127.1493042,37.53210769,
일진농원,WKND,경상남도 사천시 죽림동 777,http://www.iljinkiwi.com,128.0632854,34.97818333,055-835-5125
장수농장,WKND,서울특별시 도봉구 방학동 420-1,,127.0252676,37.66691659,
장수텃밭,WKND,서울특별시 도봉구 방학동 419-2,,127.0243232,37.66694602,
장승배기농장,EXP,충청남도 천안시 동남구 성남면 신덕리 359,http://www.jsfarm.kr,127.2405292,36.71763327,0507-1400-5279
장연사과농원,EXP,충청북도 괴산군 장연면 추점리 377-1,http://www.4gwa.net,127.9502034,36.85365924,043-832-7097
전주농장,WKND,전북 김제시 금구면 양시로 38-71,http://www.jumalnongjang.com/jeonju,127.0065849,35.75986296,
정안농장,WKND,충청남도 공주시 정안면 운궁리 6-2,http://www.ssamnhub.com,127.1165726,36.59153573,041-858-7748
제비원농산,EXP,경상북도 안동시 이천동 151-1,http://www.jbwon.com,128.7203501,36.59610184,054-855-4733
제주허브동산,EXP,제주특별자치도 서귀포시 표선면 돈오름로 170,http://www.herbdongsan.com,126.8143371,33.32931081,064-787-7362
주원농원,WKND,충청남도 아산시 둔포면 이화동길 235,http://www.good-bae.com,127.0817862,36.90700745,010-4184-2533
중랑천텃밭,WKND,서울특별시 광진구 중곡동 503-28,,127.0779237,37.56883588,
중랑행복1농장,WKND,서울특별시 중랑구 신내동 256-9,,127.10898,37.61845852,
중랑행복2농장,WKND,서울특별시 중랑구 망우동 423-43,,127.1033673,37.59184947,
중랑행복3농장,WKND,서울특별시 중랑구 망우동 113-2,,127.1039189,37.59022514,
지산농원,WKND,충청남도 천안시 동남구 용곡동 182-1,http://www.jsnongwon.com,127.1356063,36.7845188,041-579-9597
진주주말농장,WKND,서울특별시 서초구 원지동 539,,127.0626454,37.43466918,010-5345-2670
차령농산,WKND,충청남도 천안시 동남구 목천읍 소사3길 6-19,http://cafe.daum.net/lk74,127.1736594,36.73352764,041-565-2005
착한농부들,EXP,충북 음성군 금왕읍 백야로 347,http://www.goodnongbu.com,127.6038907,36.96521418,0507-1406-8941
천수텃밭농원,WKND,서울특별시 노원구 중계본동 46,,127.0852668,37.64633497,02-930-5700
청계주말농장,WKND,서울특별시 서초구 원지동 530,,127.0631236,37.43524625,
청룡산마을텃밭,WKND,서울특별시 관악구 청룡동 556-90,,126.9493466,37.476778,
청룡텃밭,WKND,서울특별시 서초구 신원동 225,,127.0600492,37.44703761,
청송우가네사과농장,WKND,경상북도 청송군 부동면 마뜰길 86,http://www.woogane.com,129.1334622,35.35029182,054-873-4064
청신농원,WKND,경상북도 청송군 파천면 신기리 604,http://www.csapple.net,129.0323934,36.48129115,
청정골한국상황버섯,WKND,인천 강화군 내가면 고비고개로743번길 114,http://www.dan-gam.com,126.4035223,37.71450976,032-933-3373
초랑농원,EXP,경상남도 사천시 곤명면 초량리 산88,http://www.chorangfarm.com,127.9162185,35.1015823,0507-1412-6433
초록향기주말농장,WKND,서울특별시 도봉구 도봉동 384-1,,127.0396276,37.68980549,031-383-5364
초안산 근린공원 나눔텃밭,WKND,서울특별시 도봉구 창동 산154-1,,127.0454484,37.64600244,
최남단 체험감귤농장,EXP,제주특별자치도 서귀포시 남원읍 남원리 2019,http://www.orangefarm.co.kr/,126.6938072,33.29061983,064-764-7759
축석자연농원,EXP,경기도 포천시 소흘읍 이동교리,http://www.eventfarm.co.kr,127.1241374,37.79912474,
충효공원텃밭,WKND,서울특별시 관악구 청룡동 1529-1,,126.9406034,37.48065918,
칠성주말농장,WKND,서울특별시 서초구 원지동 370,,127.0549338,37.4440212,
큰솔농장,EXP,울산 울주군 온양읍 마근길 114-28,http://www.pearmall.co.kr,129.279554,35.38392634,0507-1409-3221
태현주말농장,WKND,서울특별시 송파구 방이동 436-52,,127.1418121,37.51366447,010-2251-9406
토끼굴주말농장,WKND,서울특별시 강동구 암사동 603-5,,127.1259733,37.55440514,
파믹스가든,WKND,서울특별시 강동구 상일동 145-6,,127.1598821,37.55513125,
팜카밀레,EXP,충청남도 태안군 남면 우운길 56-19,http://www.kamille.co.kr,126.2824392,36.6868288,041-675-3636
풍국농원,EXP,경상남도 김해시 대동면 대동로269번안길 87-350 키위농장,http://www.darae4c5.com,128.9317667,35.25400347,055-331-6689
피난처주말농장,WKND,인천 강화군 길상면 장흥로258번길 42-13,http://www.refuge.kr,126.503264,37.62140373,
한국구아바경원농장,EXP,충청북도 음성군 삼성면 양덕리 755-3,http://www.guava.co.kr,127.4801548,37.03113816,043-883-5700
한내텃밭,WKND,경기도 광명시 광명동 443-3,,126.8483301,37.46691805,
한라감귤체험농원,EXP,제주특별자치도 서귀포시 성산읍 수산리 1037,http://www.hallapark.co.kr,126.8815427,33.44179953,064-782-2479
한마음 체험농장,WKND,서울특별시 송파구 마천동 199-36,,127.1552642,37.49841581,
한울농원,EXP,대구 동구 미대동 561,http://www.loveherb.co.kr,128.6744879,35.9530269,053-984-7703
해바라기농장,EXP,경상북도 봉화군 물야면 오록3길 68-3,http://www.applesa.kr/,128.7366229,36.98461991,010-9396-2459
행복한도시농장,WKND,서울특별시 강서구 오쇠동 151-11,http://cafe.daum.net/simgok3dong,126.7979394,37.53947232,010-3380-4536
향림도시농업체험원,WKND,서울특별시 은평구 불광동 457,http://syteam.kr,126.926374,37.62805098,02-382-8001
향매농원,EXP,전라남도 장흥군 용산면 상금리 169-4,http://www.namgomaesil.com,126.9509207,34.59864075,050-5599-0123
허브나라농원,EXP,강원도 평창군 봉평면 흥정계곡길 225,http://www.herbnara.com,128.3426502,37.63580914,033-335-2902
허브뱅크,EXP,전라남도 영광군 영광읍 와룡로5길 67-49,http://www.herb-bank.co.kr/,126.5144989,35.32296025,061-353-5787
허브아일랜드,EXP,경기도 포천시 신북면 청신로947번길 35,http://www.herbisland.co.kr,127.1316063,37.96649446,031-535-6494
홍삼팜,EXP,강원도 횡성군 청일면 유동리 1172-1 청일면 유동리 1172-1,http://www.6hongsam.com,128.1414472,37.57606409,033-342-0286
홍씨네텃밭농원,WKND,서울특별시 종로구 부암동 353-1,,126.9613405,37.58918215,
홍화농원,EXP,경기 양주시 장흥면 일영로 545-38,http://www.honghwanongwon.co.kr,126.924942,37.69330837,031-855-5556
화가의농원,EXP,경북 김천시 봉산면 신암리 391,http://www.artpodo.com,128.0138296,36.17596517,054-433-9158
황금주말농장,WKND,서울특별시 강서구 개화동 497-2,,126.7913386,37.58065585,
황소농원,EXP,경상남도 밀양시 산내면 얼음골옛길 92-16,http://www.hosujung.com,128.9598521,35.57841431,055-356-2804
흙사랑엄마포도농원,EXP,충남 천안시 서북구 입장면 하장리 364-1,http://www.amhspodo.co.kr,127.2274812,36.90903198,010-2307-3300
힐링주말농장,WKND,서울특별시 도봉구 방학동 392,,127.0332268,37.67128441,
힐링주말농장,WKND,서울특별시 도봉구 방학동 392,,127.0332268,37.67128441,
힐링팜,WKND,서울특별시 강동구 암사동 132,,127.1333546,37.56091161,
개나리주말농장,WKND,경기도 부천시 고강동 187-8,,37.53184,126.81,
거모동주말농장,WKND,경기도 시흥시 거모동 1282-5,,37.34246,126.7772,
고색동 시민농장,WKND,경기도 수원시 권선구 고색동 7-175,,37.25729,126.9845,
관양주말농장,WKND,경기도 안양시 동안구 관양1동 515-1,,37.41125,126.9625,
광교주말농장,WKND,경기도 수원시 장안구 하광교동 298-1,,37.31063,127.0262,
광릉숲주말농장,WKND,경기도 남양주시 진접읍 부평리 266,http://www.farmstate.co.kr/,37.75043,127.1919,010-5320-7343
교동리,WKND,경기도 양평군 양서면 부용리 21,,37.55629,127.3574,
귀여리,WKND,경기도 광주시 남종면 귀여리 393-2,,37.50352,127.3258,
글갱이주말농장,WKND,경기도 평택시 현덕면 도대리 348-2,,36.96655,126.9026,
기산대우주말농장,WKND,경기도 화성시 기산동 414-12,,37.22691,127.0415,
나들목주말농장,WKND,경기도 안산시 상록구 양상동 318,,37.34081,126.8531,
기산대우주말농장,WKND,경기도 화성시 기산동 414-12,,37.22691,127.0415,
나들목주말농장,WKND,경기도 안산시 상록구 양상동 318,,37.34081,126.8531,
너른마당주말농장,WKND,경기도 부천시 고강동 582,,37.52292,126.8234,
노고산,WKND,경기도 양주시 장흥면 삼상리 190,,37.68963,126.9319,031-855-5114
노적봉주말농장,WKND,경기도 안산시 상록구 이동 299-3,,37.31478,126.85,010-3414-0390
늘푸른주말농장,WKND,경기도 고양시 일산서구 구산동 1867,http://intogreenland.cafe24.com/,37.67247,126.691,031-923-1177
늘푸른주말농장,WKND,경기도 수원시 권선구 호매실동 365-4,,37.26479,126.96,
단원주말농장,WKND,경기도 안산시 단원구 초지동 747,,37.3052,126.8061,
대곡텃밭,WKND,경기도 고양시 덕양구 내곡동 104-2,http://blog.naver.com/qnls321/100209893714,37.63883,126.8101,031-963-5955
대야동주말농장,WKND,경기도 시흥시 계수동 425,,37.45565,126.7997,
도마리,WKND,경기도 광주시 퇴촌면 도마리 200,,37.46708,127.2767,
도토리주말농장,WKND,경기도 고양시 덕양구 원흥동 74,http://blog.naver.com/dotorifarm,37.65413,126.8775,010-3457-7122
돌풍주말농장,WKND,경기도 고양시 일산서구 덕이동 551,,37.69502,126.746,031-915-5995
동민주말농장,WKND,경기도 고양시 일산동구 지영동 504,,37.72798,126.8297,
동산주말농장,WKND,경기도 하남시 교산동 123-2,,37.52157,127.2032,
들꽃농원주말농장,WKND,경기도 수원시 장안구 상광교동 148-2,http://www.weekendfarm.kr,37.32695,127.0158,010-8722-5226
딸기이야기,EXP,경기도 평택시 장당동 산21-1,http://blog.naver.com/chonh0330,37.05019,127.0631,031-666-6221
매봉,WKND,경기도 과천시 문원동 366,,37.41716,126.9993,
문화동산 농장,WKND,경기도 부천시 상동 529-2,,37.51315,126.7452,
바람들이농장,WKND,경기도 군포시 부곡동 262-1,,37.3394,126.9393,
바람새마을,WKND,경기도 평택시 고덕면 궁리 496,http://baramsae.modoo.at,37.0168,127.0206,031-663-5453
방산동주말농장,WKND,경기도 시흥시 방산동 산37-10,,37.41649,126.7707,
별내주말농장,WKND,경기도 남양주시 별내동 2261,,37.68538,127.1088,
부용리,WKND,경기도 양평군 양서면 부용리 582-1,,37.55249,127.337,
블루팜,WKND,경기도 남양주시 와부읍 율석리 683-2,http://blog.naver.com/cello10,37.60658,127.2146,0507-1404-5008
비봉쌍학리주말농장,WKND,경기도 화성시 비봉면 쌍학리 812-4,,37.22276,126.9012,
사기막골제1,WKND,경기도 과천시 문원동 378,,37.42011,126.9964,
사기막골제2,WKND,경기도 과천시 문원동 374-6,,37.41916,126.9985,
산울림농장,WKND,경기도 부천시 춘의동 343,,37.49878,126.8069,
산울림농장(역곡동),WKND,경기도 부천시 역곡동 186-3,,37.4911,126.8062,
산천초목주말농장,WKND,경기도 고양시 일산동구 백석동 1127-2,http://blog.naver.com/kwang2805/,37.63103,126.7919,031-971-1134
삼봉리,WKND,경기도 남양주시 조안면 삼봉리 331-3,,37.58876,127.3329,
삼성리,WKND,경기도 광주시 남종면 삼성리 422,,37.47386,127.2744,
새말햇살농장,WKND,경기도 화성시 봉담읍 동화리 291-1,http://blog.naver.com/saemal_sunshine,37.22269,126.9593,010-9072-9839
새싹주말농장,WKND,경기도 화성시 진안동 219-1,,37.21966,127.0399,
샘터주말농장,WKND,경기도 하남시 창우동 271-1,,37.53571,127.2297,
석실주말농장,WKND,경기도 남양주시 와부읍 덕소리 311-3,http://blog.naver.com/sbl0426,37.60045,127.2171,010-6335-3809
소하 시민주말농장,WKND,경기도 광명시 소하동 1283,,37.45493,126.8818,
송능주말농장,WKND,경기도 남양주시 진건읍 송능리 386-18,,37.64731,127.2,031-573-7369
송촌약수터,WKND,경기도 남양주시 조안면 송촌리 964,,37.57812,127.3134,
수능리,WKND,경기도 양평군 서종면 수능리 395,,37.60026,127.3709,031-774-2025
수목원농장,WKND,경기도 부천시 춘의동 461,,37.50118,126.8145,
숲속의포도원 주말농장,WKND,경기도 안양시 동안구 관양동 산18-1,,37.40453,126.9738,
신길주말농장,WKND,경기도 안산시 단원구 신길동 1380,,37.33933,126.7619,
신천동주말농장,WKND,경기도 시흥시 신천동 192,,37.43532,126.7846,
신촌 시민주말농장,WKND,경기도 광명시 소하동 1344,,37.44579,126.8942,
신현동주말농장,WKND,경기도 시흥시 포동 14,,37.40561,126.7839,
약수터,WKND,경기도 과천시 문원동 373-1,,37.41863,126.9987,
양정주말농장,WKND,경기도 남양주시 일패동 703-3,,37.61949,127.1769,
어르신 주말농장,WKND,경기도 이천시 관고동 77-11,,37.28452,127.4344,
어여비주말농장,WKND,경기도 의왕시 이동 551-3,https://ayeobi.com/,37.33118,126.9648,0507-1352-2539
옥길 시민주말농장,WKND,경기도 광명시 옥길동 259-26,,37.46104,126.8416,
여울농장,WKND,경기도 양주시 장흥면 삼상리 446-12,,37.68818,126.9305,
연꽃주말농장,WKND,경기도 수원시 장안구 하광교동 260,,37.31226,127.0245,010-5168-6821
연성동주말농장,WKND,경기도 시흥시 신천동 650,,37.43438,126.7726,
옥길시민주말농장,WKND,경기도 광명시 옥길동 259-26,,37.46104,126.8416,
옥련주말농장,WKND,경기도 부천시 옥길동 479-5,,37.47135,126.8273,
옥탑골,WKND,경기도 과천시 갈현동 251,,37.40722,126.9817,
와부읍 주말농장,WKND,경기도 남양주시 와부읍 월문리 371-3,,37.60831,127.2629,
왕림주말농원,WKND,경기도 화성시 봉담읍 왕림리 30,,37.20007,126.9426,
용인시민농장,WKND,경기도 용인시 처인구 마평동 573-8,,37.22805,127.2152,031-324-4034
우리가족 주말농장,WKND,경기도 동두천시 탑동동 351-3,,37.89075,127.1094,
운산주말농장,WKND,경기도 남양주시 별내면 청학리 23,,37.71331,127.1264,
원당텃밭,WKND,경기도 고양시 덕양구 성사동 471,,37.65819,126.8463,
월곶동 주민자취위원회(바다향기 주말농장),WKND,경기도 시흥시 월곶동 995,,37.38869,126.7416,
월곶동주말농장,WKND,경기도 시흥시 월곶동 425-4,,37.37644,126.7608,
웰빙주말농장,WKND,경기도 수원시 장안구 상광교동 193,,37.32923,127.0206,
웰빙주말농장,WKND,경기도 안산시 상록구 양상동 280,,37.34306,126.8553,
웰빙주말농장,WKND,경기도 화성시 진안동 692-2,,37.22093,127.0368,
유원주말농장,WKND,경기도 안양시 만안구 석수동 145-2,,37.42521,126.9149,0507-1315-1663
은성주말농장,WKND,경기도 안산시 상록구 장상동 109,,37.35428,126.8692,
은행동주말농장,WKND,경기도 시흥시 안현동 99,,37.43366,126.8136,
자현,WKND,경기도 과천시 문원동 219,,37.42442,127.0001,
한솔주말농장,WKND,경기도 수원시 장안구 상광교동 284-1,,37.32585,127.0142,
햇님주말농장,WKND,경기도 화성시 진안동 35-24,,37.22427,127.0361,
행복가꿈농장,WKND,경기도 평택시 청북읍 토진리 172-4,http://happygreenfarm.modoo.at/,37.03989,126.9497,010-3017-5072
행복마을주말농장,WKND,경기도 평택시 청북읍 고잔리 924,,37.04635,126.8937,
행복텃밭,EXP,경기도 화성시 매송면 어천리 606-2,http://instagram.com/farm_happygarden,37.2471,126.904,0507-1403-2798
화랑주말농장,WKND,경기도 안산시 단원구 초지동 666-2,,37.32106,126.8098,
힐링캠프주말농장,WKND,경기도 화성시 진안동 692,,37.22072,127.0373,
OK주말농장,WKND,경기도 부천시 고강동 200-9,,37.5312,126.8126,
크로바농장,WKND,경기도 수원시 장안구 파장동 365-4,,37.32059,127.0071,
팝콘주말농장,WKND,경기도 군포시 부곡동 129-3,,37.33689,126.9346,0507-1307-9415
풍년,WKND,경기도 과천시 문원동 378,,37.42011,126.9964,
하나로주말농장,WKND,경기도 고양시 덕양구 대장동 567-3,,37.63366,126.8152,0507-1328-3507
하남도시농사협동조합주말농장,WKND,경기도 하남시 교산동 174-2,,37.52677,127.2069,
하번천리,WKND,경기도 광주시 남한산성면 하번천리 120,,37.43875,127.2881,
하이디농장,WKND,경기도 의왕시 청계동 207-1,,37.39605,127.0242,010-5652-1690
지연네주말농장,WKND,경기도 부천시 대장동 304-3,,37.54017,126.7879,
지월리,WKND,경기도 광주시 초월읍 지월리 680,,37.40392,127.2882,
천생연분마을주말농장,WKND,경기도 양주시 장흥면 삼상리 210-2,,37.69124,126.9303,031-855-6223
천천동 시민농장,WKND,경기도 수원시 장안구 천천동 388-2,,37.29012,126.9752,
청궁주말농장,WKND,경기도 화성시 봉담읍 내리 816,,37.23671,126.924,
청목농장,WKND,경기도 의왕시 내손동 547-2,,37.3787,126.9925,010-4563-6664
청산농원,WKND,경기도 화성시 안녕동 71-480,http://cafe.daum.net/ChungSanFarm,37.20003,127.0102,031-238-7744
청송유기농주말농장,WKND,경기도 고양시 일산서구 법곳동 1567,https://blog.naver.com/wise319/221888421934,37.66403,126.7158,0507-1317-2839
청옥주말농장,WKND,경기도 평택시 청북읍 옥길리 산 54-1,,37.02524,126.9104,
장안뜰주말농장,WKND,경기도 화성시 봉담읍 내리 44,,37.23865,126.9355,
전원주말농장,WKND,경기도 평택시 지산동 590-1,,37.08048,127.0725,
정암주말농장,WKND,경기도 평택시 이충동 576,,37.05496,127.0666,
정왕동 주민공동체(환영 주말농장),WKND,경기도 시흥시 정왕동 622,,37.35507,126.7526,
정왕동주말농장,WKND,경기도 시흥시 정왕동 871-12,,37.35994,126.7421,
정왕본동주말농장,WKND,경기도 시흥시 정왕동 855,,37.358,126.7389,
제2화랑주말농장,WKND,경기도 안산시 단원구 초지동 667,,37.32507,126.81,
좋은이웃 공공형 주말농장,WKND,경기도 시흥시 정왕동 871-27,,37.36117,126.7433,
영재네주말농장,WKND,경기도 부천시 대장동 235-7,,37.54034,126.7843,
예술공원 주말농장,WKND,경기도 안양시 만안구 석수동 221-1,,37.41988,126.9178,
